{"name":"Kerala","districts":[{"name":"Alappuzha","talukas":[{"name":"Ambalappuzha","villages":["Ambalappuzha","Aryad South (Part) (UI)","Kalarkode (OG) (Part)","Kalavoor","Karumady","Komalapuram (CT)","Mannanchery (CT)","Mullakkal (Part)","Pathirappally (CT)","Punnapra (OG)","Purakkad"]},{"name":"Chengannur","villages":["Ala (Part)","Chengannur  (Part)","Cheriyanad","Ennakkad","Kurattissery (CT)","Mannar (CT)","Mulakuzha (Part)","Pandanad (Part)","Puliyoor(Part)","Thiruvanvandoor","Venmony"]},{"name":"Cherthala","villages":["Arookutty (CT)","Aroor (CT)","Cherthala North (Part)","Cherthala South (Part)","Ezhupunna (CT)","Kadakkarappally","Kanjikkuzhi (CT)","Kodamthuruth (CT)","Kokkothamangalam (CT)","Kuthiathode (CT)","Mararikkulam North","Muhamma (CT)","Pallippuram (CT)","Panavally","Pattanakkad","Perumbalam","Thaikattussery (CT)","Thanneermukkam (CT)","Thuravoor Thekku","Vayalar (CT)"]},{"name":"Karthikappally","villages":["Arattupuzha","Cheppad (CT)","Cheruthana","Chingoli (CT)","Haripad (CT)","Kandalloor (CT)","Karthikappally (CT)","Karuvatta","Keerikkad (CT)","Krishnapuram (CT)","Kumarapuram (CT)","Muthukulam (CT)","Pallippad","Pathiyoor (CT)","Puthuppally (CT)","Thrikkunnapuzha","Veeyapuram"]},{"name":"Kuttanad","villages":["Champakkulam","Edathua","Kainakary North","Kainakary South","Kavalam","Kunnumma","Muttar","Nedumudi","Neelamperoor","Pulinkunnu","Ramankary","Thakazhy","Thalavady","Veliyanad"]},{"name":"Mavelikkara","villages":["Bharanikkavu (CT)","Chennithala (CT)","Chunakkara","Kannamangalam (CT)","Kattanam (CT)","Noornad","Palamel","Perungala","Thamarakkulam","Thazhakara (CT)","Thekkekara (Part)","Thriperumthura","Vallikunnam","Vettiyar"]}]},{"name":"Ernakulam","talukas":[{"name":"Aluva","villages":["Ayyampuzha","Chengamanad (CT)","Choornikkara (CT)","Chowwara (CT)","Edathala (CT)","Kalady (CT)","Karukutty","Kizhakkumbhagom (CT)","Malayattoor","Manjapra","Mattoor (CT)","Mookkannoor","Nedumbassery (CT)","Parakkadavu","Thekkumbhagom (CT)","Thuravoor","Vadakkumbhagom (CT)"]},{"name":"Kanayannur","villages":["Amballur (CT)","Cheranallur (CT)","Edakkattuvayal","Kadamakkudy (CT)","Kaippattur","Kakkanad (CT)","Kanayannur (CT)","Keecherry","Kulayettikara","Kumbalam (CT)","Kureekkad (CT)","Manakunnam (CT)","Maradu (CT)","Mulamthuruthy (CT)","Mulavukad (CT)","Thiruvankulam (CT)","Thrikkakara North (Part)","Vazhakkala (CT)"]},{"name":"Kochi","villages":["Chellanam","Cheriyakadavu (OG) (Part)","Edavanakkad","Elamkunnapuzha (CT)","Kumbalangy (CT)","Kuzhuppilly","Nayarambalam","Njarackal (CT)","Pallippuram","Puthuvype (CT)"]},{"name":"Kothamangalam","villages":["Eramalloor (CT)","Kedavoor","Keerampara","Kottappady","Kuttamangalam","Kuttampuzha","Neriamangalam","Pindimana","Pothanikkad","Thrikkariyoor (Part)","Varappetty"]},{"name":"Kunnathunad","villages":["Aikaranad North","Aikaranad South","Arakapady","Asamannoor","Chelamattom (CT)","Irapuram","Kizhakkambalam","Kodanad","Kombanad","Koovappady (CT)","Kunnathunad (CT)","Marampilly (CT)","Mazhuvannoor","Pattimattom","Perumbavoor (CT)","Puthencruz (CT)","Rayamangalam","Thiruvaniyoor","Vadavukode","Vazhakulam (CT)","Vengola (CT)","Vengoor","Vengoor West"]},{"name":"Muvattupuzha","villages":["Arakuzha","Elanji","Enanalloor","Kalloorkkad","Koothattukulam","Maneed","Manjalloor","Marady (Part)","Memury","Mulavoor","Muvattupuzha (Part)","Onakkoor","Palakkuzha","Piravom","Ramamangalam","Thirumarady","Valakam","Velloorkunnam (CT)"]},{"name":"Paravur","villages":["Alangad (CT)","Chendamangalam (CT)","Eloor (CT)","Ezhikkara","Kadungalloor (CT)","Karumalloor (CT)","Kedamangalam (OG) (Part)","Kottuvally (CT)","Kunnukara","Moothakunnam (CT)","Puthenvelikkara (CT)","Vadakkekara (CT)","Varappuzha (CT)"]}]},{"name":"Idukki","talukas":[{"name":"Devikulam","villages":["Anaviratty","Kannan Devan Hills","Kanthalloor","Keezhanthoor","Kottakamboor","Kunjithanny","Mankulam","Mannamkandam","Marayoor","Pallivasal","Vattavada","Vellathuval"]},{"name":"Peerumade","villages":["Elappara","Kokkayar","Kumily","Manjumala","Mlappara","Peerumade","Periyar","Peruvanthanam","Upputhara","Vagamon"]},{"name":"Thodupuzha","villages":["Alacode","Arakkulam","Elappally","Idukki","Kanjikuzhi","Karikkode (Part)","Karimannoor","Karimkunnam (Part)","Kodikulam","Kudayathoor","Kumaramangalam (Part)","Manakkad (Part)","Muttom","Neyyasseri","Purapuzha","Thodupuzha (Part)","Udumbannoor","Vannapuram","Velliyamattom"]},{"name":"Udumbanchola","villages":["Anakkara","Anavilasam","Ayyappancoil","Baisonvally","Chakkupallam","Chathurangapara","Chinnakanal","Kalkoonthal","Kanthippara","Karunapuram","Kattappana","Konnathady","Pampadumpara","Parathodu","Poopara","Rajakkad","Rajakumari","Santhanpara","Thankamony","Udumbanchola","Upputhode","Vandanmedu","Vathikudy"]}]},{"name":"Kannur","talukas":[{"name":"Kannur","villages":["Ancharakandy (CT)","Azhikode North (CT)","Azhikode South (CT)","Chala (CT)","Chelora (CT)","Cherukunnu (CT)","Cheruthazham (CT)","Chirakkal (CT)","Elayavoor (CT)","Ezhome (CT)","Iriveri (CT)","Kadachira (CT)","Kadannappalli (CT)","Kalliasseri (CT)","Kanhirode (CT)","Kannadiparamba (CT)","Kannapuram (CT)","Kunhimangalam (CT)","Madayi (CT)","Mattool","Mavilayi (CT)","Munderi (CT)","Muzhappilangad (CT)","Narath (CT)","Pallikkunnu (CT)","Panapuzha","Pappinisseri (CT)","Peralassery (CT)","Puzhathi (CT)","Thottada (CT)","Valapattanam (CT)","Varam (CT)"]},{"name":"Taliparamba","villages":["Alakode","Alapadamba","Cheleri (CT)","Chengalai","Chuzhali","Eramam","Eruvassy","Irikkur (CT)","Kalliad","Kankole","Karivellur (CT)","Kayaralam","Kolacherry (CT)","Kooveri","Kurumathur (CT)","Kuttiattoor (CT)","Kuttiyeri","Kuttoor","Malapattam","Maniyoor (CT)","Mayyil (CT)","Nediyanga","New Naduvil","Nuchiyad","Padiyoor","Panniyoor","Pariyaram (CT)","Pattuvam","Payyavoor","Peralam","Peringome","Perinthatta","Pulingome","Ramanthali","Sreekandapuram","Thimiri","Thirumeni","Vayakkara","Vayathur","Vellad","Vellora"]},{"name":"Thalassery","villages":["Aralam","Ayyankunnu","Chavassery","Cheruvanchery","Chockli (CT)","Dharmadom (CT)","Eranholi (CT)","Eruvatti (CT)","Kadirur (CT)","Kandamkunnu (CT)","Kanichar","Kannavam","Keezhallur (CT)","Keezhur","Kelakam","Kolavelloor (CT)","Koloyad","Koodali (CT)","Kottayam-Malabar (CT)","Kottiyoor","Manantheri (CT)","Manathana","Mangattidam (CT)","Mokeri (CT)","Muzhakkunnu","New Mahe (CT)","Paduvilayi (CT)","Panniyannur (CT)","Panoor (CT)","Pathiriyad (CT)","Pattannur","Pattiom (CT)","Payam","Peringathur (CT)","Pinarayi (CT)","Puthoor","Sivapuram","Thillenkeri","Tholambra","Thrippangottur","Vekkalam","Vellarvelly","Vilamana"]}]},{"name":"Kasaragod","talukas":[{"name":"Hosdurg","villages":["Ajanur (CT)","Ambalathara","Balal","Bare (CT)","Bellur","Bheemanady","Cheemeni","Cheemeni II","Cheruvathur (OG)","Chithari","Chittarikkal","Kallar","Karindalam","Kayyur","Keekan (CT)","Kilayikode","Kinanoor","Kodakkad","Kodom","Madikai","Maloth","Maniyat (CT)","Nileshwar (OG)","North Thrikkaripur (CT)","Padne","Palavayal","Pallikkara (CT)","Pallikkara II","Panathady","Panayal","Parappa","Periya","Perole (CT)","Pilicode (CT)","Pullur","South Thrikkaripur (CT)","Thayanur","Thimiri","Udinoor","Udma (CT)","West Eleri"]},{"name":"Kasaragod","villages":["Adhur","Adoor","Angadimogaru","Arikady","Badaje","Badiyadka","Badoor","Bandadka","Bangra Manjeshwar (CT)","Bayar","Bedadka","Bekoor","Bela","Bellur","Bombrana","Chemnad (CT)","Chengala (CT)","Chippar","Delampady","Edanad","Enmakaje","Heroor","Hosabettu (CT)","Ichilampady","Ichilangod","Kadambar","Kaliyoor","Kalnad","Kannur","Karadka","Karivedakam","Kattukukke","Kayyar","Kidoor","Kodalamogaru","Kodibail","Koipady (CT)","Kolathur","Koliyoor","Kubanoor","Kudalmarkala","Kudlu (CT)","Kuloor","Kumbadaje","Kunjathur (CT)","Kuttikole","Madhur (CT)","Maire","Majibail","Mangalpady (CT)","Manjeshwar (CT)","Meenja","Mogral (CT)","Moodambail","Mugu","Mulinja","Muliyar","Munnad","Muttathody","Nekraje","Nettanige","Nirchal","Padre","Pady","Paivalike","Pathur","Patla","Pavoor","Perumbala","Puthige","Puthur (CT)","Shiribagilu (CT)","Shiriya (CT)","Talikala","Thekkil","Ubrangala","Ujarulvar","Uppala (CT)","Vorkady"]}]},{"name":"Kollam","talukas":[{"name":"Karunagappally","villages":["Adinad (CT)","Alappad","Ayanivelikulangara (CT)","Chavara (CT)","Clappana","Kallelibhagom (CT)","Karunagappally (CT)","Kulasekharapuram (CT)","Neendakara (OG)","Oachira (CT)","Panmana (CT)","Pavumba","Thazhava","Thekkumbhagom","Thevalakkara","Thodiyoor (CT)","Vadakkumthala (CT)"]},{"name":"Kollam","villages":["Adichanalloor (CT)","Chirakkara","Elampalloor (CT)","Eravipuram (OG) (Part)","Kalluvathukkal","Kizhakkekallada","Kottamkara (CT)","Mayyanad (CT)","Meenad (CT)","Mulavana","Mundrothuruth","Nedumpana (CT)","Pallimon","Panayam (CT)","Paravoor (Part)","Parippally","Perinad (CT)","Poothakkulam (CT)","Thazhuthala (CT)","Thrikkadavoor (CT)","Thrikkaruva (CT)","Thrikkovilvattom (CT)"]},{"name":"Kottarakkara","villages":["Chadayamangalam","Chakkuvarakkal","Chithara","Elamad","Ezhukone","Ittiva","Kadakkal","Kalayapuram","Kareepra","Kottarakkara (CT)","Kottukkal","Kulakkada","Kummil","Mancode","Melila","Mylom","Neduvathoor","Nilamel","Odanavattam","Pavithreswaram","Pooyappally","Puthur","Ummannoor","Valakam","Velinalloor","Veliyam","Vettikkavala"]},{"name":"Kunnathur","villages":["Kunnathur","Mynagappally","Poruvazhy","Sasthamkotta","Sooranad North","Sooranad South","West Kallada"]},{"name":"Pathanapuram","villages":["Alayamon","Anchal","Arackal","Arienkavu","Ayiranalloor","Channappetta","Edamon","Edamulackal","Eroor","Karavaloor (Part)","Kulathupuzha","Pathanapuram","Pattazhy","Pattazhy Vadakkekara","Pidavoor","Piravanthur","Punnala","Thalavoor","Thenmala","Thinkalkarikkakom","Valacode (Part)","Vilakkudy"]}]},{"name":"Kottayam","talukas":[{"name":"Changanassery","villages":["Changanassery (Part)","Chethipuzha (CT)","Kangazha","Karukachal","Kurichy","Madappally","Nedumkunnam","Paippad (CT)","Thottackad","Thrikkodithanam (CT)","Vakathanam","Vazhappally Padinjaru (Part)","Vazhoor","Vellavoor"]},{"name":"Kanjirappally","villages":["Cheruvally","Chirakkadavu","Edakkunnam","Elamgulam","Elikkulam","Erumeli North","Erumeli South","Kanjirappally","Koottickal","Koovappally","Manimala","Mundakayam"]},{"name":"Kottayam","villages":["Aimanam (CT)","Akalakunnam","Anikkad","Arpookara","Athirampuzha (CT)","Ayarkunnam","Chengalam East","Chengalam South (CT)","Ettumanoor (CT)","Kaipuzha","Kooroppada","Kumarakam","Manarcad","Meenadam","Muttampalam (Part)","Nattakam (CT)","Onamthuruth","Pampady","Panachikkad (CT)","Peroor","Perumbaikad (CT)","Puthuppally (CT)","Thiruvarpu","Veloor  (Part)","Vijayapuram (CT)"]},{"name":"Meenachil","villages":["Bharananganam","Elackad","Erattupetta (CT)","Kadanad","Kanakkari","Kidangoor","Kondoor","Kuravilangad","Kurichithanam","Lalam (Part)","Meenachil (Part)","Melukavu","Monippally","Moonilavu","Poonjar Nadubhagam","Poonjar Thekkekara","Poonjar Vadakkekara","Poovarany","Puliyannoor (Part)","Ramapuram","Teekoy","Thalappalam","Uzhavoor","Vallichira","Veliyannoor","Vellilappally"]},{"name":"Vaikom","villages":["Chempu","Kaduthuruthy","Kallara","Kothanalloor","Kulasekharamangalam","Manjoor","Mulakulam","Muttuchira","Naduvile (Part)","Njeezhoor","Thalayazham","Vadakkemuri (Part)","Vadayar","Vaikom (Part)","Vechoor","Velloor"]}]},{"name":"Kozhikode","talukas":[{"name":"Kozhikode","villages":["Beypore (CT)","Chathamangalam","Chelannur (CT)","Cheruvannur (CT)","Elathur (OG)","Engapuzha","Feroke (CT)","Kadalundi (OG)","Kakkad","Kakkodi (CT)","Kakkur","Karuvanthuruthy (CT)","Kedavur","Kizhakkoth","Kodencheri","Kodiyathur","Koduvally (OG)","Koodaranji","Koodathayi","Kumaranallur","Kunnamangalam (CT)","Kuruvattur (CT)","Kuttikkattoor (CT)","Madavoor","Mavoor (CT)","Nanmanda (CT)","Narikkuni","Neeleswaram","Nellipoyil","Olavanna (CT)","Pantheeramkavu (CT)","Perumanna (CT)","Peruvayal (CT)","Poolacode (CT)","Puthiyangadi (OG) (Part)","Puthuppadi","Puthur","Ramanattukara (CT)","Raroth","Thalakkulathur (CT)","Thazhecode (CT)","Thiruvambadi","Vavad"]},{"name":"Quilandy","villages":["Arikkulam (Part)","Atholi (CT)","Avitanallur","Balusseri (CT)","Chakkittapara","Changaroth","Chemancheri (CT)","Chempanoda","Chengottukavu","Cheruvannur","Eravattur (CT)","Iringal (CT)","Kanthalad","Kayanna","Keezhariyur (CT)","Kinalur","Koorachundu","Koothali (CT)","Kottur","Kozhukkallur (CT)","Menhaniam (CT)","Meppayyur (CT)","Moodadi","Naduvannur (CT)","Nochad","Palery","Panangad (CT)","Payyoli","Perambra","Sivapuram","Thikkody (CT)","Thurayur (CT)","Ulliyeri (CT)","Unnikulam"]},{"name":"Vadakara","villages":["Ayancheri (CT)","Azhiyur (CT)","Chekkiad (CT)","Chorode (CT)","Edacheri (CT)","Eramala (CT)","Kavilumpara","Kayakkodi","Kottappally (CT)","Kunnummal (CT)","Kuttiadi","Maniyur (CT)","Maruthonkara","Nadapuram (CT)","Narippatta","Onchiam","Palayad (CT)","Purameri","Thinoor","Thiruvallur","Thuneri (CT)","Valayam (CT)","Vanimel","Velom","Vilangad","Villiappally (CT)"]}]},{"name":"Malappuram","talukas":[{"name":"Ernad","villages":["Anakkayam (OG)","Areekode","Cheekkode","Chembrasseri","Cherukavu (CT)","Edavanna","Elankur","Karakunnu","Kavanoor","Kizhuparamba (CT)","Kondotty (CT)","Kuzhimanna","Morayur","Muthuvallur","Nediyiruppu","Pandalur","Pandikkad","Perakamanna","Pookkottur","Pulikkal","Pulpatta","Trikkalangode","Urangattiri","Vazhakkad","Vazhayur (CT)","Vettikkattiri","Vettilappara"]},{"name":"Nilambur","villages":["Akampadam","Amarambalam","Chekkode","Chungathara","Edakkara","Kalikavu","Karulai","Karuvarakundu","Kerala Estate","Kurumbilangode","Mambad","Nilambur (CT)","Porur","Pullipadam","Thiruvali","Thuvvur","Vazhikkadavu","Vellayur","Wandoor"]},{"name":"Perinthalmanna","villages":["Aliparamba","Anamangad","Angadippuram","Arakkuparamba","Edappatta","Elamkulam","Kariavattom","Keezhattur","Kodur (CT)","Koottilangadi (CT)","Kuruva","Kuruvambalam","Mankada","Melattur","Moorkkanad","Nenmini","Pulamanthole","Puzhakkattiri","Thazhekode","Vadakkangara","Valambur","Vettathur"]},{"name":"Ponnani","villages":["Alamcode (CT)","Edappal (CT)","Kalady (CT)","Marancheri (CT)","Nannamukku","Perumpadappa","Tavanur","Vattamkulam","Veliyankode"]},{"name":"Tirur","villages":["Ananthavoor","Athavanad","Cheriyamundam (CT)","Edayoor","Irimbiliyam (CT)","Kalpakancheri","Kattipparuthi (CT)","Kottakkal (CT)","Kurumbathur","Kuttippuram (CT)","Mangalam","Marakkara","Melmuri","Naduvattom (CT)","Niramaruthur","Ozhur","Pariyapuram","Perumanna (CT)","Ponmala","Ponmundam (CT)","Purathur","Talakkad (CT)","Tanalur (CT)","Tanur","Thirunavaya (CT)","Triprangode (CT)","Valavannur","Vettom"]},{"name":"Tirurangadi","villages":["Abdu Rahiman Nagar (CT)","Ariyallur (CT)","Chelambra (CT)","Kannamangalam (CT)","Moonniyur (CT)","Nannambra (CT)","Neduva (CT)","Othukkungal (CT)","Pallikal (CT)","Parappanangadi","Parappur (CT)","Peruvallur (CT)","Thenhippalam (CT)","Thennala (CT)","Tirurangadi (CT)","Urakam (CT)","Vallikkunnu","Vengara (CT)"]}]},{"name":"Palakkad","talukas":[{"name":"Alathur","villages":["Alathur (CT)","Erimayur-I","Erimayur-II","Kannambra-I","Kannambra-II","Kavasseri-I","Kavasseri-II","Kizhakkencheri-I","Kizhakkencheri-II","Kottayi-I","Kottayi-II","Kuthannur-I","Kuthannur-II","Kuzhalmannam-I","Kuzhalmannam-II","Mangalam Dam","Mathur -I","Mathur -II","Melarcode","Peringottukurissi-I","Peringottukurissi-II","Puducode","Tarur-I","Tarur-II","Thenkurissi-I","Thenkurissi-II","Vadakkancheri-I","Vadakkancheri-II","Vandazhi-I","Vandazhi-II"]},{"name":"Chittur","villages":["Ayiloor","Chittur (Part)","Elavancherry","Eruthempathy","Kairady","Koduvayur (CT)","Koduvayur-II","Kollengode-I","Kollengode-II","Kozhinjampara","Kozhipathy","Moolathara","Muthalamada-I","Muthalamada-II","Nalleppilly","Nelliyampathy","Nemmara","Ozhalapathy","Pallassana","Pattanchery","Perumatty","Puthunagaram (CT)","Thathamangalam (Part)","Thekkedesom","Thiruvazhiyad","Vadakarapathy","Vadavannur","Valiyavallampathy","Vallanghy","Vandithavalam"]},{"name":"Mannarkad","villages":["Agali","Alanallur-I","Alanallur-II","Alanallur-III","Kallamala","Karakurissi","Karimba -I","Karimba -II","Kottathara","Kottoppadam-I","Kottoppadam-II","Kottoppadam-III","Kumaramputhur","Mannarkad-I (CT)","Mannarkad-II","Padavayal","Palakkayam","Payyanadam","Pottassery- I","Pottassery- II","Pudur","Sholayur","Thachampara","Thachanattukara-I","Thachanattukara-II"]},{"name":"Ottappalam","villages":["Ambalapara - I","Ambalapara - II","Anakkara","Ananganadi","Chalavara","Chalissery","Cherpulacherry","Kadampazhipuram-I","Kadampazhipuram-II","Kappur","Karimpuzha-I","Karimpuzha-II","Koppam","Kulukkallur","Lakkidi-Perur- I","Lakkidi-Perur- II","Muthuthala (CT)","Nagalassery","Nellaya","Ongallur -I (CT)","Ongallur -II (CT)","Parudur","Pattambi (CT)","Pattithara","Sreekrishnapuram -I","Sreekrishnapuram -II","Thirumittacode -II (CT)","Thirumittacode-I","Thiruvegapura","Thrikkadeeri -I","Thrikkadeeri -II","Thrithala (CT)","Vallapuzha","Vaniyamkulam- II (CT)","Vaniyamkulam-I","Vellinezhi","Vilayur"]},{"name":"Palakkad","villages":["Elappully-I","Elappully-II","Hemambikanagar (CT)","Kannadi-I","Kannadi-II","Keralassery","Kodumba","Kongad-I","Kongad-II","Malampuzha-I","Malampuzha-II","Mankara","Mannur","Marutharode (CT)","Mundur-I","Mundur-II","Parli-I","Parli-II","Peruvemba","Pirayiri (CT)","Polpully","Pudussery Central (CT)","Pudussery East","Pudussery West (CT)","Puthuppariyaram (CT)","Puthuppariyaram-I"]}]},{"name":"Pathanamthitta","talukas":[{"name":"Adoor","villages":["Angadickal","Enadimangalam","Enathu","Erathu","Ezhamkulam","Kadampanadu","Kalanjoor","Kodumon","Koodal","Kurampala","Pallickal","Pandalam","Pandalam Thekkekara","Peringanadu (Part)"]},{"name":"Kozhenchery","villages":["Aranmula","Aruvappulam","Chenneerkara","Elanthoor","Iravan","Kidangannur","Konni","Konnithazham","Kozhenchery (CT)","Kulanada","Malayalapuzha (Part)","Mallapuzhassery","Mezhuveli","Mylapra (Part)","Naranganam","Omalloor","Pathanamthitta (Part)","Pramadom","Thannithode","Vallicode","Vallicode-Kottayam"]},{"name":"Mallappally","villages":["Anicad","Ezhumattoor","Kallooppara","Kottangal","Kunnamthanam","Mallappally","Perumpetty","Puramattam","Thelliyoor"]},{"name":"Ranni","villages":["Angadi","Athikkayam","Ayiroor","Cherukole","Chethakkal","Chittar-Seethathodu","Kollamula","Pazhavangadi","Perunad","Ranni","Vadasserikkara"]},{"name":"Thiruvalla","villages":["Eraviperoor","Kadapra","Kaviyoor","Kavumbhagom (Part)","Koipuram","Kuttoor","Nedumpuram","Niranam","Peringara","Thottapuzhassery"]}]},{"name":"Thiruvananthapuram","talukas":[{"name":"Chirayinkeezhu","villages":["Alamcode (CT)","Attingal-Avanavancherry (Part)","Ayiroor","Azhoor (CT)","Chemmaruthy","Edakkode (CT)","Edava","Elamba-Mudakkal","Kadakkavoor","Karavaram","Keezhattingal (CT)","Kilimanoor","Kizhuvalam-Koonthalloor (CT)","Koduvazhannoor","Kudavoor","Madavoor","Manamboor","Nagaroor","Navaikulam","Ottoor","Pallickal","Pazhayakunnummel","Pulimath","Sarkara-Chirayinkeezhu","Vakkom (CT)","Vellalloor","Vettoor-Cherunniyoor"]},{"name":"Nedumangad","villages":["Anad","Aruvikkara","Aryanad","Kallara","Karakulam (CT)","Koliyakode","Kurupuzha","Manikkal","Mannoorkara","Nellanad","Palode","Panavoor","Pangode","Peringamala","Perumkulam","Pullampara","Theakada","Thennoor","Tholicode","Uzhamalackal","Vamanapuram","Vattappara (CT)","Veeranakavu","Vellanad","Vembayam","Vithura"]},{"name":"Neyyattinkara","villages":["Amboori","Anavoor","Athiyannur (CT)","Chenkal (Part)","Kallikkad","Kanjiramkulam (CT)","Karode","Karumkulam","Keezharoor","Kollayil (Part)","Kottukal (Part)","Kovalam (OG) (Part)","Kulathoor","Kulathummal (CT)","Kunnathukal","Malayinkeezhu (CT)","Maranalloor","Ottasekharamangalam","Pallichal (CT)","Parassala (CT)","Parasuvaikkal (CT)","Perumkadavila","Thirupuram","Vazhichal","Vellarada","Vilappil (CT)","Vilavoorkkal (CT)"]},{"name":"Thiruvananthapuram","villages":["Andoorkonam","Iroopara (CT)","Kadinamkulam","Kalliyoor (CT)","Kazhakkoottam (OG)","Keezhthonnakkal","Kudappanakkunnu (CT)","Melthonnakkal","Menamkulam","Pallippuram (CT)","Sreekaryam (CT)","Uliyazhathura (CT)","Vattiyoorkavu (CT)","Veiloor (CT)","Venganoor (CT)"]}]},{"name":"Thrissur","talukas":[{"name":"Chavakkad","villages":["Annakara","Brahmakulam (CT)","Edakkazhiyur (CT)","Elavally (CT)","Engandiyur","Irimbranallur","Iringaprom (CT)","Kadappuram","Kadikkad (CT)","Kundazhiyur","Mullassery (CT)","Nattika","Orumanayur (CT)","Paluvai (CT)","Pavaratty (CT)","Perakam (CT)","Pookode (CT)","Punnayur (CT)","Punnayurkulam (CT)","Talikkulam (CT)","Thaikkad (CT)","Vadakkekad (CT)","Vadanappally (CT)","Valappad","Venkitangu (CT)","Venmanad (CT)","Vylathur (CT)"]},{"name":"Kodungallur","villages":["Ala (CT)","Azhikode","Chendrappini (CT)","Edathiruthy (CT)","Edavilangu (CT)","Eriyad (OG)","Kaipamangalam (CT)","Koolimuttam","Madathumpady (CT)","Methala (CT)","Padinjare Vemballur","Pallippuram (CT)","Panangad (CT)","Pappinivattom (CT)","Perinjanam (CT)","Poyya (CT)"]},{"name":"Mukundapuram","villages":["Alathur","Alur","Amballur (CT)","Anandapuram","Annallur","Chengallur","Edathirinji (CT)","Elanjipra","Irinjalakuda (Part)","Kaduppassery","Kakkulissery","Kallettumkara (CT)","Kallur","Kallur Thekkummuri (CT)","Kallur Vadakkummuri (CT)","Karalam (Part)","Karumathra","Kattur (CT)","Kizhakkummuri","Kodakara","Kodassery","Koratty (CT)","Kottanellur","Kuruvilassery","Kuttichira","Madayikonam (CT)","Manavalassery (CT)","Mattathur","Melur","Mupliyam","Muringur Vadakkummuri (CT)","Muriyad","Nandipulam","Nellayi","Nenmenikkara (CT)","Padiyur (CT)","Parappukkara (CT)","Pariyaram","Poomangalam (CT)","Porathissery (CT)","Pullur (CT)","Puthenchira","Puthukkad (CT)","Thazhekkad","Thekkumkara (CT)","Thirumukkulam","Thottippal","Trikkur (CT)","Vadakkumbhagom","Vadakkumkara (CT)","Vadama (CT)","Vallivattom","Varandarappilly","Vellikulangara","Vellookkara (CT)"]},{"name":"Talappilly","villages":["Akathiyoor (CT)","Alur (CT)","Arangottukara","Attoor","Chelakkara (CT)","Chelakode","Chemmanthatta","Cheruthuruthi (CT)","Chiramanangad (CT)","Chiranellur (CT)","Chittanda (CT)","Choondal (CT)","Chowwannur (Part)","Desamangalam (CT)","Elanad","Enkakkad (CT)","Eranellur (CT)","Eyyal (CT)","Kadangode","Kadavallur (CT)","Kandanassery (CT)","Kanipayyur (Part)","Kaniyarkode (CT)","Kanjirakode","Karikkad (CT)","Kariyannur (CT)","Karumathara","Kattakampal (CT)","Killimangalam","Kiralur","Kondazhy","Kottappuram (CT)","Kumaranellur (CT)","Kurumala","Manalithara","Mangad (Part)","Mayannur","Minalur (CT)","Mullurkara","Mundathikode (CT)","Nedumpura (CT)","Nelluwaya (CT)","Painkulam","Pallur","Pampady","Pangarappilly","Panjal","Parlikad","Pazhanji (CT)","Pazhayannur","Peringandoor (CT)","Perumpilavu","Pilakkad","Porkulam (CT)","Pulakode","Puthuruthy","Thalassery","Thayyur","Thekkumkara","Thichur","Thiruvilwamala","Thonnurkara","Vadakkethara","Varavoor","Vellarakkad","Vellattanjur","Velur (CT)","Venganellur","Vennur","Viruppakka","Wadakkanchery (CT)"]},{"name":"Thrissur","villages":["Adat (CT)","Alappad","Anjur (CT)","Anthicad (CT)","Arattupuzha","Avanur (CT)","Avinissery (CT)","Chalakkal","Chazhoor","Cherpu (CT)","Chevvoor (CT)","Chittilappilly (CT)","Choolissery (CT)","Edakkalathur (CT)","Eravu (CT)","Inchamudi","Kainoor (CT)","Kaiparamba (CT)","Karamuck (CT)","Killannur (CT)","Kizhakkummuri (CT)","Kizhuppillikkara (CT)","Kodannur (CT)","Kolazhy (CT)","Kozhukkully (CT)","Kurichikkara (CT)","Kurumpilavu (CT)","Kuttoor (CT)","Madakkathara","Manakkody (CT)","Manalur (CT)","Mannamangalam","Marathakkara (CT)","Mulayam","Nadathara (CT)","Oorakam (CT)","Padiyam (CT)","Palissery (CT)","Pallippuram","Pananchery","Parakkad (CT)","Paralam (CT)","Peechi","Peramangalam (CT)","Pottore (CT)","Pullu","Puranattukara (CT)","Puthur (CT)","Puzhakkal (CT)","Thangalur (CT)","Thanniyam (CT)","Tholur (CT)","Vadakkummuri (CT)","Vallachira (CT)","Velappaya","Vellanikkara (CT)","Veluthur (CT)","Venginissery (CT)"]}]},{"name":"Wayanad","talukas":[{"name":"Mananthavady","villages":["Anchukunnu","Cherukottur","Edavaka","Kanjirangad","Mananthavady","Nalloornad","Panamaram","Payyampally","Periya","Porunnanore","Thavinhal","Thirunelly","Thondernad","Thrissilery","Valat","Vellamunda"]},{"name":"Sulthanbathery","villages":["Ambalavayal","Cheeral","Irulam","Kidanganad","Krishnagiri","Kuppadi","Nadavayal","Nenmeni","Noolpuzha","Padichira","Poothadi","Pulpalli","Purakkadi","Sulthanbathery","Thomattuchal"]},{"name":"Vythiri","villages":["Achooranam","Chundale","Kaniambetta","Kavumannam","Kottappadi (Part)","Kottathara","Kunnathidavaka","Kuppadithara","Muppainad","Muttil North","Muttil South","Padinharethara","Pozhuthana","Thariyode","Thrikkaipatta (Part)","Vellarimala","Vengappally"]}]}]}